batch	lang	kind	n	files	ids
es.untrue.01	es	untrue	18	chapters/basics.es.qmd,chapters/cleaning.es.qmd,chapters/collaboration.es.qmd,chapters/dates.es.qmd,chapters/diagrams.es.qmd	basics.es#1,basics.es#2,basics.es#5,basics.es#6,basics.es#7,cleaning.es#2,cleaning.es#5,collaboration.es#8,collaboration.es#9,collaboration.es#12,dates.es#1,dates.es#3,dates.es#4,dates.es#5,dates.es#6,dates.es#7,diagrams.es#1,diagrams.es#2
es.untrue.02	es	untrue	18	chapters/editorial_style.es.qmd,chapters/errors.es.qmd,chapters/flexdashboard.es.qmd,chapters/ggplot_basics.es.qmd,chapters/ggplot_tips.es.qmd,chapters/grouping.es.qmd,chapters/help.es.qmd,chapters/importing.es.qmd,chapters/interactive_plots.es.qmd,chapters/iteration.es.qmd	editorial_style.es#3,editorial_style.es#4,errors.es#1,flexdashboard.es#1,flexdashboard.es#2,flexdashboard.es#3,ggplot_basics.es#1,ggplot_basics.es#3,ggplot_basics.es#4,ggplot_tips.es#1,grouping.es#2,grouping.es#3,help.es#2,importing.es#5,interactive_plots.es#1,interactive_plots.es#2,iteration.es#6,iteration.es#10
es.untrue.03	es	untrue	18	chapters/iteration.es.qmd,chapters/joining_matching.es.qmd,chapters/moving_average.es.qmd,chapters/network_drives.es.qmd,chapters/phylogenetic_trees.es.qmd,chapters/r_projects.es.qmd,chapters/reportfactory.es.qmd,chapters/rmarkdown.es.qmd,chapters/shiny_basics.es.qmd,chapters/stat_tests.es.qmd,chapters/survey_analysis.es.qmd,chapters/survival_analysis.es.qmd	iteration.es#12,joining_matching.es#5,moving_average.es#1,network_drives.es#1,phylogenetic_trees.es#1,phylogenetic_trees.es#2,phylogenetic_trees.es#3,r_projects.es#2,r_projects.es#3,reportfactory.es#3,rmarkdown.es#1,rmarkdown.es#7,shiny_basics.es#1,shiny_basics.es#2,stat_tests.es#1,survey_analysis.es#1,survival_analysis.es#1,survival_analysis.es#2
es.untrue.04	es	untrue	15	chapters/survival_analysis.es.qmd,chapters/tables_descriptive.es.qmd,chapters/time_series.es.qmd,chapters/transition_to_r.es.qmd,chapters/transmission_chains.es.qmd,chapters/writing_functions.es.qmd	survival_analysis.es#3,tables_descriptive.es#1,tables_descriptive.es#3,tables_descriptive.es#4,time_series.es#2,time_series.es#3,time_series.es#4,time_series.es#5,time_series.es#6,time_series.es#7,transition_to_r.es#1,transition_to_r.es#2,transition_to_r.es#3,transmission_chains.es#1,writing_functions.es#1
es.missing.01	es	missing	17	chapters/age_pyramid.es.qmd,chapters/cleaning.es.qmd,chapters/collaboration.es.qmd,chapters/contact_tracing.es.qmd,chapters/data_table.es.qmd,chapters/data_used.es.qmd	age_pyramid.es#2,cleaning.es#1,cleaning.es#3,collaboration.es#1,collaboration.es#2,collaboration.es#3,collaboration.es#4,collaboration.es#5,collaboration.es#6,collaboration.es#10,collaboration.es#11,contact_tracing.es#1,data_table.es#1,data_used.es#1,data_used.es#2,data_used.es#3,data_used.es#5
es.missing.02	es	missing	17	chapters/data_used.es.qmd,chapters/directories.es.qmd,chapters/editorial_style.es.qmd,chapters/epicurves.es.qmd,chapters/factors.es.qmd,chapters/flexdashboard.es.qmd,chapters/ggplot_tips.es.qmd,chapters/heatmaps.es.qmd,chapters/help.es.qmd	data_used.es#6,directories.es#1,editorial_style.es#1,editorial_style.es#2,epicurves.es#2,epicurves.es#4,epicurves.es#5,epicurves.es#6,factors.es#3,factors.es#4,factors.es#5,flexdashboard.es#5,flexdashboard.es#6,ggplot_tips.es#2,heatmaps.es#1,heatmaps.es#2,help.es#1
es.missing.03	es	missing	16	chapters/importing.es.qmd,chapters/interactive_plots.es.qmd,chapters/joining_matching.es.qmd,chapters/missing_data.es.qmd,chapters/r_projects.es.qmd,chapters/reportfactory.es.qmd,chapters/stat_tests.es.qmd,chapters/tables_descriptive.es.qmd,chapters/transition_to_r.es.qmd,chapters/writing_functions.es.qmd	importing.es#1,importing.es#3,interactive_plots.es#3,joining_matching.es#1,joining_matching.es#2,joining_matching.es#4,missing_data.es#1,missing_data.es#3,r_projects.es#1,reportfactory.es#1,reportfactory.es#2,stat_tests.es#2,tables_descriptive.es#2,tables_descriptive.es#5,transition_to_r.es#4,writing_functions.es#3
es.code_mismatch.01	es	code_mismatch	18	chapters/age_pyramid.es.qmd,chapters/basics.es.qmd,chapters/characters_strings.es.qmd,chapters/cleaning.es.qmd,chapters/dates.es.qmd,chapters/deduplication.es.qmd,chapters/factors.es.qmd,chapters/ggplot_basics.es.qmd,chapters/importing.es.qmd,chapters/iteration.es.qmd	age_pyramid.es#1,basics.es#3,basics.es#4,characters_strings.es#2,characters_strings.es#3,characters_strings.es#4,cleaning.es#4,dates.es#2,deduplication.es#1,deduplication.es#2,factors.es#6,factors.es#7,ggplot_basics.es#2,importing.es#2,importing.es#4,iteration.es#2,iteration.es#3,iteration.es#4
es.code_mismatch.02	es	code_mismatch	17	chapters/iteration.es.qmd,chapters/joining_matching.es.qmd,chapters/pivoting.es.qmd,chapters/regression.es.qmd,chapters/rmarkdown.es.qmd,chapters/standardization.es.qmd,chapters/survival_analysis.es.qmd,chapters/tables_presentation.es.qmd,chapters/time_series.es.qmd,chapters/writing_functions.es.qmd	iteration.es#5,iteration.es#7,iteration.es#8,iteration.es#9,iteration.es#11,joining_matching.es#3,pivoting.es#1,regression.es#1,rmarkdown.es#2,rmarkdown.es#4,rmarkdown.es#5,rmarkdown.es#6,standardization.es#1,survival_analysis.es#4,tables_presentation.es#1,time_series.es#1,writing_functions.es#2
es.added.01	es	added	20	chapters/basics.es.qmd,chapters/characters_strings.es.qmd,chapters/collaboration.es.qmd,chapters/data_used.es.qmd,chapters/epicurves.es.qmd,chapters/factors.es.qmd,chapters/flexdashboard.es.qmd,chapters/ggplot_basics.es.qmd,chapters/missing_data.es.qmd,chapters/phylogenetic_trees.es.qmd,chapters/rmarkdown.es.qmd,chapters/standardization.es.qmd,chapters/survival_analysis.es.qmd,chapters/time_series.es.qmd	basics.es#8,basics.es#9,basics.es#10,characters_strings.es#1,collaboration.es#7,data_used.es#4,epicurves.es#1,epicurves.es#3,epicurves.es#7,factors.es#1,factors.es#2,flexdashboard.es#4,ggplot_basics.es#5,ggplot_basics.es#6,missing_data.es#2,phylogenetic_trees.es#4,rmarkdown.es#3,standardization.es#2,survival_analysis.es#5,time_series.es#8
es.alignment_mismatch.01	es	alignment_mismatch	3	chapters/ggplot_tips.es.qmd,chapters/grouping.es.qmd,chapters/iteration.es.qmd	ggplot_tips.es#3,grouping.es#1,iteration.es#1
fr.untrue.01	fr	untrue	18	chapters/basics.fr.qmd,chapters/characters_strings.fr.qmd,chapters/cleaning.fr.qmd,chapters/collaboration.fr.qmd,chapters/combination_analysis.fr.qmd,chapters/contact_tracing.fr.qmd,chapters/data_table.fr.qmd,chapters/data_used.fr.qmd,chapters/dates.fr.qmd	basics.fr#3,basics.fr#4,characters_strings.fr#6,characters_strings.fr#7,cleaning.fr#1,cleaning.fr#2,cleaning.fr#3,cleaning.fr#5,collaboration.fr#1,collaboration.fr#5,combination_analysis.fr#1,contact_tracing.fr#1,contact_tracing.fr#5,contact_tracing.fr#6,data_table.fr#4,data_used.fr#3,dates.fr#1,dates.fr#2
fr.untrue.02	fr	untrue	18	chapters/deduplication.fr.qmd,chapters/diagrams.fr.qmd,chapters/directories.fr.qmd,chapters/editorial_style.fr.qmd,chapters/errors.fr.qmd,chapters/flexdashboard.fr.qmd,chapters/ggplot_basics.fr.qmd	deduplication.fr#1,deduplication.fr#2,diagrams.fr#1,diagrams.fr#2,directories.fr#1,directories.fr#3,editorial_style.fr#2,errors.fr#1,flexdashboard.fr#3,flexdashboard.fr#4,flexdashboard.fr#5,flexdashboard.fr#7,flexdashboard.fr#8,flexdashboard.fr#9,flexdashboard.fr#10,flexdashboard.fr#12,ggplot_basics.fr#1,ggplot_basics.fr#3
fr.untrue.03	fr	untrue	18	chapters/ggplot_tips.fr.qmd,chapters/grouping.fr.qmd,chapters/importing.fr.qmd,chapters/interactive_plots.fr.qmd,chapters/iteration.fr.qmd,chapters/joining_matching.fr.qmd,chapters/missing_data.fr.qmd	ggplot_tips.fr#2,ggplot_tips.fr#3,ggplot_tips.fr#5,grouping.fr#1,grouping.fr#2,grouping.fr#3,grouping.fr#4,importing.fr#3,interactive_plots.fr#2,iteration.fr#1,iteration.fr#2,iteration.fr#5,iteration.fr#6,joining_matching.fr#1,joining_matching.fr#2,joining_matching.fr#3,missing_data.fr#1,missing_data.fr#2
fr.untrue.04	fr	untrue	18	chapters/missing_data.fr.qmd,chapters/network_drives.fr.qmd,chapters/phylogenetic_trees.fr.qmd,chapters/pivoting.fr.qmd,chapters/regression.fr.qmd,chapters/reportfactory.fr.qmd,chapters/rmarkdown.fr.qmd,chapters/shiny_basics.fr.qmd	missing_data.fr#3,missing_data.fr#4,network_drives.fr#1,network_drives.fr#2,network_drives.fr#3,phylogenetic_trees.fr#1,phylogenetic_trees.fr#2,pivoting.fr#2,pivoting.fr#5,regression.fr#1,reportfactory.fr#1,reportfactory.fr#2,rmarkdown.fr#2,rmarkdown.fr#3,rmarkdown.fr#6,rmarkdown.fr#9,shiny_basics.fr#1,shiny_basics.fr#4
fr.untrue.05	fr	untrue	18	chapters/shiny_basics.fr.qmd,chapters/stat_tests.fr.qmd,chapters/survey_analysis.fr.qmd,chapters/survival_analysis.fr.qmd,chapters/tables_descriptive.fr.qmd,chapters/tables_presentation.fr.qmd,chapters/time_series.fr.qmd,chapters/transmission_chains.fr.qmd,chapters/writing_functions.fr.qmd	shiny_basics.fr#5,shiny_basics.fr#6,stat_tests.fr#1,survey_analysis.fr#2,survey_analysis.fr#5,survival_analysis.fr#1,survival_analysis.fr#2,survival_analysis.fr#4,tables_descriptive.fr#5,tables_descriptive.fr#6,tables_descriptive.fr#7,tables_descriptive.fr#8,tables_presentation.fr#1,time_series.fr#1,time_series.fr#6,transmission_chains.fr#4,writing_functions.fr#2,writing_functions.fr#3
fr.missing.01	fr	missing	17	chapters/basics.fr.qmd,chapters/characters_strings.fr.qmd,chapters/collaboration.fr.qmd,chapters/contact_tracing.fr.qmd,chapters/data_table.fr.qmd,chapters/data_used.fr.qmd,chapters/editorial_style.fr.qmd,chapters/epicurves.fr.qmd,chapters/flexdashboard.fr.qmd	basics.fr#2,basics.fr#5,basics.fr#6,characters_strings.fr#1,characters_strings.fr#3,characters_strings.fr#4,characters_strings.fr#5,collaboration.fr#11,contact_tracing.fr#7,data_table.fr#2,data_table.fr#3,data_used.fr#1,data_used.fr#2,editorial_style.fr#1,editorial_style.fr#6,epicurves.fr#1,flexdashboard.fr#6
fr.missing.02	fr	missing	17	chapters/ggplot_basics.fr.qmd,chapters/ggplot_tips.fr.qmd,chapters/grouping.fr.qmd,chapters/heatmaps.fr.qmd,chapters/help.fr.qmd,chapters/importing.fr.qmd,chapters/interactive_plots.fr.qmd,chapters/missing_data.fr.qmd,chapters/pivoting.fr.qmd,chapters/rmarkdown.fr.qmd,chapters/shiny_basics.fr.qmd	ggplot_basics.fr#2,ggplot_tips.fr#7,grouping.fr#5,grouping.fr#6,grouping.fr#7,heatmaps.fr#1,help.fr#1,importing.fr#1,importing.fr#4,importing.fr#5,interactive_plots.fr#1,missing_data.fr#8,pivoting.fr#3,pivoting.fr#6,rmarkdown.fr#1,shiny_basics.fr#2,shiny_basics.fr#3
fr.missing.03	fr	missing	15	chapters/survey_analysis.fr.qmd,chapters/survival_analysis.fr.qmd,chapters/time_series.fr.qmd,chapters/transition_to_r.fr.qmd,chapters/transmission_chains.fr.qmd	survey_analysis.fr#3,survey_analysis.fr#4,survey_analysis.fr#6,survey_analysis.fr#7,survival_analysis.fr#5,time_series.fr#5,time_series.fr#7,time_series.fr#8,time_series.fr#9,time_series.fr#10,transition_to_r.fr#1,transmission_chains.fr#1,transmission_chains.fr#2,transmission_chains.fr#6,transmission_chains.fr#7
fr.code_mismatch.01	fr	code_mismatch	20	chapters/age_pyramid.fr.qmd,chapters/contact_tracing.fr.qmd,chapters/deduplication.fr.qmd,chapters/diagrams.fr.qmd,chapters/directories.fr.qmd,chapters/factors.fr.qmd,chapters/flexdashboard.fr.qmd,chapters/importing.fr.qmd,chapters/iteration.fr.qmd,chapters/packages_suggested.fr.qmd	age_pyramid.fr#1,age_pyramid.fr#2,contact_tracing.fr#2,contact_tracing.fr#3,contact_tracing.fr#4,deduplication.fr#3,diagrams.fr#3,directories.fr#2,factors.fr#3,flexdashboard.fr#2,flexdashboard.fr#11,flexdashboard.fr#13,importing.fr#2,importing.fr#6,iteration.fr#4,iteration.fr#8,iteration.fr#9,iteration.fr#10,iteration.fr#11,packages_suggested.fr#1
fr.code_mismatch.02	fr	code_mismatch	20	chapters/pivoting.fr.qmd,chapters/regression.fr.qmd,chapters/rmarkdown.fr.qmd,chapters/standardization.fr.qmd,chapters/survey_analysis.fr.qmd,chapters/survival_analysis.fr.qmd,chapters/tables_descriptive.fr.qmd,chapters/time_series.fr.qmd,chapters/transmission_chains.fr.qmd,chapters/writing_functions.fr.qmd	pivoting.fr#1,regression.fr#2,regression.fr#3,rmarkdown.fr#7,rmarkdown.fr#8,standardization.fr#1,standardization.fr#3,survey_analysis.fr#1,survival_analysis.fr#3,tables_descriptive.fr#1,tables_descriptive.fr#2,tables_descriptive.fr#3,tables_descriptive.fr#4,time_series.fr#2,time_series.fr#3,transmission_chains.fr#3,transmission_chains.fr#5,writing_functions.fr#1,writing_functions.fr#4,writing_functions.fr#6
fr.added.01	fr	added	19	chapters/basics.fr.qmd,chapters/characters_strings.fr.qmd,chapters/data_used.fr.qmd,chapters/dates.fr.qmd,chapters/editorial_style.fr.qmd,chapters/epicurves.fr.qmd,chapters/factors.fr.qmd,chapters/flexdashboard.fr.qmd,chapters/ggplot_basics.fr.qmd,chapters/ggplot_tips.fr.qmd	basics.fr#7,characters_strings.fr#2,data_used.fr#4,dates.fr#3,dates.fr#4,editorial_style.fr#3,editorial_style.fr#4,editorial_style.fr#5,epicurves.fr#2,epicurves.fr#3,epicurves.fr#4,epicurves.fr#5,epicurves.fr#6,factors.fr#1,factors.fr#2,flexdashboard.fr#1,ggplot_basics.fr#4,ggplot_tips.fr#1,ggplot_tips.fr#4
fr.added.02	fr	added	18	chapters/ggplot_tips.fr.qmd,chapters/grouping.fr.qmd,chapters/iteration.fr.qmd,chapters/missing_data.fr.qmd,chapters/moving_average.fr.qmd,chapters/packages_suggested.fr.qmd,chapters/pivoting.fr.qmd,chapters/rmarkdown.fr.qmd,chapters/standardization.fr.qmd,chapters/tables_presentation.fr.qmd	ggplot_tips.fr#6,grouping.fr#8,grouping.fr#9,grouping.fr#10,iteration.fr#3,iteration.fr#7,missing_data.fr#5,missing_data.fr#6,missing_data.fr#7,moving_average.fr#1,packages_suggested.fr#2,pivoting.fr#4,rmarkdown.fr#4,rmarkdown.fr#5,standardization.fr#2,standardization.fr#4,tables_presentation.fr#2,tables_presentation.fr#3
fr.alignment_mismatch.01	fr	alignment_mismatch	10	chapters/basics.fr.qmd,chapters/cleaning.fr.qmd,chapters/data_table.fr.qmd,chapters/directories.fr.qmd,chapters/network_drives.fr.qmd,chapters/time_series.fr.qmd,chapters/writing_functions.fr.qmd	basics.fr#1,cleaning.fr#4,data_table.fr#1,directories.fr#4,directories.fr#5,directories.fr#6,directories.fr#7,network_drives.fr#4,time_series.fr#4,writing_functions.fr#5
jp.untrue.01	jp	untrue	18	chapters/age_pyramid.jp.qmd,chapters/basics.jp.qmd,chapters/cleaning.jp.qmd,chapters/collaboration.jp.qmd,chapters/combination_analysis.jp.qmd	age_pyramid.jp#1,age_pyramid.jp#3,age_pyramid.jp#4,basics.jp#1,basics.jp#2,basics.jp#5,basics.jp#14,cleaning.jp#3,cleaning.jp#10,cleaning.jp#11,cleaning.jp#13,cleaning.jp#14,collaboration.jp#1,collaboration.jp#2,collaboration.jp#3,collaboration.jp#7,collaboration.jp#8,combination_analysis.jp#1
jp.untrue.02	jp	untrue	18	chapters/combination_analysis.jp.qmd,chapters/contact_tracing.jp.qmd,chapters/data_table.jp.qmd,chapters/data_used.jp.qmd,chapters/dates.jp.qmd,chapters/deduplication.jp.qmd,chapters/diagrams.jp.qmd,chapters/directories.jp.qmd,chapters/editorial_style.jp.qmd,chapters/epicurves.jp.qmd	combination_analysis.jp#3,contact_tracing.jp#1,contact_tracing.jp#2,data_table.jp#4,data_table.jp#5,data_used.jp#1,dates.jp#1,dates.jp#2,dates.jp#3,deduplication.jp#3,deduplication.jp#4,diagrams.jp#5,diagrams.jp#6,directories.jp#1,editorial_style.jp#2,editorial_style.jp#3,editorial_style.jp#4,epicurves.jp#2
jp.untrue.03	jp	untrue	18	chapters/epicurves.jp.qmd,chapters/errors.jp.qmd,chapters/factors.jp.qmd,chapters/flexdashboard.jp.qmd,chapters/ggplot_basics.jp.qmd,chapters/ggplot_tips.jp.qmd,chapters/grouping.jp.qmd	epicurves.jp#3,epicurves.jp#4,epicurves.jp#5,errors.jp#1,errors.jp#2,errors.jp#3,factors.jp#2,factors.jp#3,flexdashboard.jp#1,flexdashboard.jp#2,flexdashboard.jp#8,flexdashboard.jp#9,ggplot_basics.jp#1,ggplot_basics.jp#2,ggplot_basics.jp#3,ggplot_tips.jp#4,ggplot_tips.jp#5,grouping.jp#3
jp.untrue.04	jp	untrue	18	chapters/grouping.jp.qmd,chapters/help.jp.qmd,chapters/importing.jp.qmd,chapters/interactive_plots.jp.qmd,chapters/iteration.jp.qmd,chapters/joining_matching.jp.qmd	grouping.jp#4,grouping.jp#5,help.jp#1,help.jp#3,importing.jp#5,importing.jp#6,importing.jp#7,importing.jp#8,importing.jp#9,interactive_plots.jp#2,iteration.jp#1,iteration.jp#2,iteration.jp#3,iteration.jp#4,iteration.jp#5,joining_matching.jp#2,joining_matching.jp#4,joining_matching.jp#5
jp.untrue.05	jp	untrue	18	chapters/joining_matching.jp.qmd,chapters/missing_data.jp.qmd,chapters/moving_average.jp.qmd,chapters/network_drives.jp.qmd,chapters/pivoting.jp.qmd,chapters/regression.jp.qmd	joining_matching.jp#6,joining_matching.jp#7,joining_matching.jp#8,joining_matching.jp#12,missing_data.jp#1,missing_data.jp#2,missing_data.jp#4,missing_data.jp#5,moving_average.jp#1,moving_average.jp#2,moving_average.jp#3,moving_average.jp#4,moving_average.jp#5,network_drives.jp#1,network_drives.jp#2,pivoting.jp#2,regression.jp#4,regression.jp#5
jp.untrue.06	jp	untrue	18	chapters/reportfactory.jp.qmd,chapters/rmarkdown.jp.qmd,chapters/shiny_basics.jp.qmd,chapters/stat_tests.jp.qmd,chapters/survey_analysis.jp.qmd,chapters/survival_analysis.jp.qmd	reportfactory.jp#2,rmarkdown.jp#4,rmarkdown.jp#6,shiny_basics.jp#1,shiny_basics.jp#2,shiny_basics.jp#5,shiny_basics.jp#8,shiny_basics.jp#9,stat_tests.jp#1,stat_tests.jp#2,stat_tests.jp#3,survey_analysis.jp#1,survey_analysis.jp#2,survey_analysis.jp#3,survey_analysis.jp#4,survey_analysis.jp#5,survival_analysis.jp#1,survival_analysis.jp#4
jp.untrue.07	jp	untrue	15	chapters/tables_descriptive.jp.qmd,chapters/transition_to_r.jp.qmd,chapters/transmission_chains.jp.qmd,chapters/writing_functions.jp.qmd	tables_descriptive.jp#1,tables_descriptive.jp#2,tables_descriptive.jp#3,tables_descriptive.jp#4,tables_descriptive.jp#5,transition_to_r.jp#1,transition_to_r.jp#2,transition_to_r.jp#3,transition_to_r.jp#4,transmission_chains.jp#1,transmission_chains.jp#2,writing_functions.jp#2,writing_functions.jp#3,writing_functions.jp#4,writing_functions.jp#5
jp.missing.01	jp	missing	20	chapters/age_pyramid.jp.qmd,chapters/basics.jp.qmd,chapters/characters_strings.jp.qmd,chapters/cleaning.jp.qmd,chapters/collaboration.jp.qmd,chapters/combination_analysis.jp.qmd,chapters/contact_tracing.jp.qmd,chapters/data_table.jp.qmd,chapters/data_used.jp.qmd,chapters/editorial_style.jp.qmd,chapters/epicurves.jp.qmd	age_pyramid.jp#2,basics.jp#3,basics.jp#6,basics.jp#13,characters_strings.jp#1,cleaning.jp#2,cleaning.jp#4,cleaning.jp#8,cleaning.jp#9,cleaning.jp#12,collaboration.jp#4,collaboration.jp#6,combination_analysis.jp#2,contact_tracing.jp#4,contact_tracing.jp#6,data_table.jp#3,data_used.jp#2,data_used.jp#3,editorial_style.jp#1,epicurves.jp#1
jp.missing.02	jp	missing	20	chapters/epicurves.jp.qmd,chapters/flexdashboard.jp.qmd,chapters/ggplot_basics.jp.qmd,chapters/ggplot_tips.jp.qmd,chapters/heatmaps.jp.qmd,chapters/help.jp.qmd,chapters/importing.jp.qmd,chapters/interactive_plots.jp.qmd,chapters/iteration.jp.qmd,chapters/joining_matching.jp.qmd,chapters/missing_data.jp.qmd	epicurves.jp#6,epicurves.jp#7,flexdashboard.jp#5,flexdashboard.jp#7,ggplot_basics.jp#4,ggplot_tips.jp#3,heatmaps.jp#4,help.jp#2,importing.jp#1,importing.jp#3,importing.jp#4,interactive_plots.jp#1,interactive_plots.jp#4,iteration.jp#6,iteration.jp#7,joining_matching.jp#9,joining_matching.jp#11,missing_data.jp#3,missing_data.jp#6,missing_data.jp#7
jp.missing.03	jp	missing	18	chapters/phylogenetic_trees.jp.qmd,chapters/r_projects.jp.qmd,chapters/regression.jp.qmd,chapters/rmarkdown.jp.qmd,chapters/shiny_basics.jp.qmd,chapters/standardization.jp.qmd,chapters/survival_analysis.jp.qmd,chapters/tables_presentation.jp.qmd,chapters/time_series.jp.qmd,chapters/transition_to_r.jp.qmd,chapters/transmission_chains.jp.qmd	phylogenetic_trees.jp#1,r_projects.jp#1,regression.jp#6,rmarkdown.jp#1,rmarkdown.jp#5,shiny_basics.jp#3,standardization.jp#3,survival_analysis.jp#3,survival_analysis.jp#5,survival_analysis.jp#6,tables_presentation.jp#1,tables_presentation.jp#2,tables_presentation.jp#3,tables_presentation.jp#4,time_series.jp#2,transition_to_r.jp#5,transition_to_r.jp#6,transmission_chains.jp#3
jp.code_mismatch.01	jp	code_mismatch	18	chapters/basics.jp.qmd,chapters/cleaning.jp.qmd,chapters/contact_tracing.jp.qmd,chapters/data_table.jp.qmd,chapters/diagrams.jp.qmd,chapters/ggplot_basics.jp.qmd,chapters/ggplot_tips.jp.qmd,chapters/grouping.jp.qmd,chapters/heatmaps.jp.qmd,chapters/importing.jp.qmd,chapters/interactive_plots.jp.qmd	basics.jp#7,cleaning.jp#1,cleaning.jp#5,cleaning.jp#6,cleaning.jp#7,contact_tracing.jp#3,data_table.jp#1,diagrams.jp#1,diagrams.jp#4,diagrams.jp#7,diagrams.jp#8,ggplot_basics.jp#5,ggplot_tips.jp#1,ggplot_tips.jp#2,grouping.jp#1,heatmaps.jp#1,importing.jp#2,interactive_plots.jp#3
jp.code_mismatch.02	jp	code_mismatch	17	chapters/interactive_plots.jp.qmd,chapters/joining_matching.jp.qmd,chapters/moving_average.jp.qmd,chapters/pivoting.jp.qmd,chapters/regression.jp.qmd,chapters/reportfactory.jp.qmd,chapters/rmarkdown.jp.qmd,chapters/standardization.jp.qmd,chapters/survival_analysis.jp.qmd,chapters/tables_presentation.jp.qmd,chapters/time_series.jp.qmd,chapters/writing_functions.jp.qmd	interactive_plots.jp#5,joining_matching.jp#1,joining_matching.jp#3,joining_matching.jp#10,moving_average.jp#6,pivoting.jp#1,regression.jp#2,regression.jp#3,reportfactory.jp#1,reportfactory.jp#7,rmarkdown.jp#2,rmarkdown.jp#3,standardization.jp#1,survival_analysis.jp#2,tables_presentation.jp#5,time_series.jp#1,writing_functions.jp#1
jp.added.01	jp	added	17	chapters/age_pyramid.jp.qmd,chapters/basics.jp.qmd,chapters/cleaning.jp.qmd,chapters/collaboration.jp.qmd,chapters/contact_tracing.jp.qmd,chapters/data_table.jp.qmd,chapters/data_used.jp.qmd,chapters/deduplication.jp.qmd	age_pyramid.jp#5,basics.jp#4,basics.jp#8,basics.jp#9,basics.jp#10,basics.jp#11,basics.jp#12,cleaning.jp#15,collaboration.jp#5,contact_tracing.jp#5,contact_tracing.jp#7,contact_tracing.jp#8,contact_tracing.jp#9,data_table.jp#2,data_used.jp#4,data_used.jp#5,deduplication.jp#1
jp.added.02	jp	added	17	chapters/deduplication.jp.qmd,chapters/diagrams.jp.qmd,chapters/errors.jp.qmd,chapters/flexdashboard.jp.qmd,chapters/grouping.jp.qmd,chapters/heatmaps.jp.qmd,chapters/joining_matching.jp.qmd,chapters/network_drives.jp.qmd,chapters/packages_suggested.jp.qmd,chapters/r_projects.jp.qmd,chapters/regression.jp.qmd,chapters/reportfactory.jp.qmd	deduplication.jp#2,diagrams.jp#2,diagrams.jp#3,errors.jp#4,flexdashboard.jp#3,flexdashboard.jp#4,flexdashboard.jp#6,grouping.jp#2,heatmaps.jp#2,heatmaps.jp#3,joining_matching.jp#13,network_drives.jp#3,packages_suggested.jp#1,r_projects.jp#2,regression.jp#1,reportfactory.jp#3,reportfactory.jp#4
jp.added.03	jp	added	17	chapters/reportfactory.jp.qmd,chapters/shiny_basics.jp.qmd,chapters/standardization.jp.qmd,chapters/survey_analysis.jp.qmd,chapters/survival_analysis.jp.qmd,chapters/tables_descriptive.jp.qmd,chapters/tables_presentation.jp.qmd,chapters/transition_to_r.jp.qmd,chapters/writing_functions.jp.qmd	reportfactory.jp#5,reportfactory.jp#6,reportfactory.jp#8,reportfactory.jp#9,shiny_basics.jp#4,shiny_basics.jp#6,shiny_basics.jp#7,standardization.jp#2,survey_analysis.jp#6,survey_analysis.jp#7,survey_analysis.jp#8,survey_analysis.jp#9,survival_analysis.jp#7,tables_descriptive.jp#6,tables_presentation.jp#6,transition_to_r.jp#7,writing_functions.jp#6
jp.alignment_mismatch.01	jp	alignment_mismatch	3	chapters/factors.jp.qmd,chapters/stat_tests.jp.qmd	factors.jp#1,stat_tests.jp#4,stat_tests.jp#5
pt.untrue.01	pt	untrue	19	chapters/age_pyramid.pt.qmd,chapters/basics.pt.qmd,chapters/collaboration.pt.qmd,chapters/combination_analysis.pt.qmd,chapters/contact_tracing.pt.qmd,chapters/data_used.pt.qmd,chapters/dates.pt.qmd,chapters/diagrams.pt.qmd	age_pyramid.pt#1,age_pyramid.pt#4,basics.pt#5,basics.pt#6,basics.pt#7,collaboration.pt#3,collaboration.pt#5,collaboration.pt#6,collaboration.pt#7,combination_analysis.pt#1,contact_tracing.pt#1,data_used.pt#7,dates.pt#1,dates.pt#2,dates.pt#3,dates.pt#4,dates.pt#5,dates.pt#6,diagrams.pt#1
pt.untrue.02	pt	untrue	19	chapters/diagrams.pt.qmd,chapters/epicurves.pt.qmd,chapters/factors.pt.qmd,chapters/flexdashboard.pt.qmd,chapters/ggplot_basics.pt.qmd,chapters/ggplot_tips.pt.qmd,chapters/heatmaps.pt.qmd,chapters/help.pt.qmd,chapters/importing.pt.qmd,chapters/interactive_plots.pt.qmd	diagrams.pt#3,diagrams.pt#4,epicurves.pt#1,epicurves.pt#6,factors.pt#1,factors.pt#2,flexdashboard.pt#1,flexdashboard.pt#2,flexdashboard.pt#3,flexdashboard.pt#4,flexdashboard.pt#5,flexdashboard.pt#6,ggplot_basics.pt#4,ggplot_tips.pt#4,ggplot_tips.pt#5,heatmaps.pt#1,help.pt#3,importing.pt#6,interactive_plots.pt#2
pt.untrue.03	pt	untrue	19	chapters/iteration.pt.qmd,chapters/joining_matching.pt.qmd,chapters/missing_data.pt.qmd,chapters/network_drives.pt.qmd,chapters/packages_suggested.pt.qmd,chapters/pivoting.pt.qmd,chapters/regression.pt.qmd	iteration.pt#2,iteration.pt#3,iteration.pt#4,iteration.pt#6,joining_matching.pt#1,joining_matching.pt#2,joining_matching.pt#4,missing_data.pt#1,missing_data.pt#2,network_drives.pt#1,network_drives.pt#2,packages_suggested.pt#1,pivoting.pt#1,pivoting.pt#2,regression.pt#2,regression.pt#3,regression.pt#4,regression.pt#5,regression.pt#6
pt.untrue.04	pt	untrue	19	chapters/regression.pt.qmd,chapters/reportfactory.pt.qmd,chapters/rmarkdown.pt.qmd,chapters/shiny_basics.pt.qmd,chapters/standardization.pt.qmd,chapters/stat_tests.pt.qmd,chapters/survey_analysis.pt.qmd	regression.pt#7,reportfactory.pt#3,reportfactory.pt#4,reportfactory.pt#5,rmarkdown.pt#1,rmarkdown.pt#7,rmarkdown.pt#8,rmarkdown.pt#13,rmarkdown.pt#14,shiny_basics.pt#1,shiny_basics.pt#2,shiny_basics.pt#3,shiny_basics.pt#4,shiny_basics.pt#5,shiny_basics.pt#10,standardization.pt#2,stat_tests.pt#1,survey_analysis.pt#1,survey_analysis.pt#2
pt.untrue.05	pt	untrue	19	chapters/survey_analysis.pt.qmd,chapters/survival_analysis.pt.qmd,chapters/tables_descriptive.pt.qmd,chapters/tables_presentation.pt.qmd	survey_analysis.pt#3,survival_analysis.pt#2,survival_analysis.pt#3,survival_analysis.pt#4,survival_analysis.pt#5,survival_analysis.pt#6,survival_analysis.pt#7,survival_analysis.pt#11,tables_descriptive.pt#1,tables_descriptive.pt#2,tables_descriptive.pt#3,tables_descriptive.pt#4,tables_descriptive.pt#5,tables_descriptive.pt#6,tables_descriptive.pt#9,tables_descriptive.pt#10,tables_descriptive.pt#11,tables_presentation.pt#1,tables_presentation.pt#2
pt.untrue.06	pt	untrue	14	chapters/tables_presentation.pt.qmd,chapters/time_series.pt.qmd,chapters/transition_to_r.pt.qmd,chapters/transmission_chains.pt.qmd,chapters/writing_functions.pt.qmd	tables_presentation.pt#3,time_series.pt#3,transition_to_r.pt#1,transition_to_r.pt#2,transition_to_r.pt#3,transition_to_r.pt#4,transition_to_r.pt#5,transition_to_r.pt#6,transition_to_r.pt#8,transition_to_r.pt#9,transmission_chains.pt#1,transmission_chains.pt#4,transmission_chains.pt#5,writing_functions.pt#1
pt.missing.01	pt	missing	17	chapters/basics.pt.qmd,chapters/characters_strings.pt.qmd,chapters/cleaning.pt.qmd,chapters/collaboration.pt.qmd,chapters/combination_analysis.pt.qmd,chapters/contact_tracing.pt.qmd,chapters/data_used.pt.qmd,chapters/editorial_style.pt.qmd	basics.pt#1,basics.pt#8,characters_strings.pt#5,cleaning.pt#1,cleaning.pt#4,cleaning.pt#5,collaboration.pt#1,collaboration.pt#2,collaboration.pt#4,combination_analysis.pt#2,contact_tracing.pt#2,contact_tracing.pt#3,data_used.pt#1,data_used.pt#2,data_used.pt#5,data_used.pt#6,editorial_style.pt#1
pt.missing.02	pt	missing	17	chapters/editorial_style.pt.qmd,chapters/epicurves.pt.qmd,chapters/ggplot_tips.pt.qmd,chapters/heatmaps.pt.qmd,chapters/help.pt.qmd,chapters/importing.pt.qmd,chapters/interactive_plots.pt.qmd,chapters/iteration.pt.qmd	editorial_style.pt#2,epicurves.pt#3,epicurves.pt#5,epicurves.pt#7,ggplot_tips.pt#1,ggplot_tips.pt#2,ggplot_tips.pt#3,heatmaps.pt#10,heatmaps.pt#11,help.pt#1,help.pt#2,importing.pt#1,importing.pt#3,importing.pt#4,importing.pt#7,interactive_plots.pt#1,iteration.pt#1
pt.missing.03	pt	missing	16	chapters/iteration.pt.qmd,chapters/regression.pt.qmd,chapters/rmarkdown.pt.qmd,chapters/stat_tests.pt.qmd,chapters/survey_analysis.pt.qmd,chapters/survival_analysis.pt.qmd,chapters/tables_descriptive.pt.qmd,chapters/transition_to_r.pt.qmd	iteration.pt#5,regression.pt#1,rmarkdown.pt#2,rmarkdown.pt#3,rmarkdown.pt#4,stat_tests.pt#2,stat_tests.pt#3,survey_analysis.pt#4,survey_analysis.pt#5,survey_analysis.pt#6,survey_analysis.pt#7,survival_analysis.pt#8,survival_analysis.pt#9,survival_analysis.pt#10,tables_descriptive.pt#8,transition_to_r.pt#7
pt.code_mismatch.01	pt	code_mismatch	18	chapters/age_pyramid.pt.qmd,chapters/basics.pt.qmd,chapters/characters_strings.pt.qmd,chapters/cleaning.pt.qmd,chapters/deduplication.pt.qmd,chapters/diagrams.pt.qmd,chapters/directories.pt.qmd,chapters/ggplot_basics.pt.qmd,chapters/grouping.pt.qmd	age_pyramid.pt#2,age_pyramid.pt#3,age_pyramid.pt#5,basics.pt#4,characters_strings.pt#1,characters_strings.pt#2,characters_strings.pt#3,characters_strings.pt#4,cleaning.pt#2,cleaning.pt#3,deduplication.pt#4,diagrams.pt#2,directories.pt#1,ggplot_basics.pt#1,ggplot_basics.pt#2,ggplot_basics.pt#3,grouping.pt#1,grouping.pt#2
pt.code_mismatch.02	pt	code_mismatch	18	chapters/grouping.pt.qmd,chapters/heatmaps.pt.qmd,chapters/importing.pt.qmd,chapters/joining_matching.pt.qmd,chapters/missing_data.pt.qmd	grouping.pt#3,grouping.pt#4,grouping.pt#5,heatmaps.pt#2,heatmaps.pt#3,heatmaps.pt#4,heatmaps.pt#5,heatmaps.pt#6,heatmaps.pt#7,heatmaps.pt#8,heatmaps.pt#9,heatmaps.pt#12,heatmaps.pt#13,importing.pt#2,importing.pt#5,joining_matching.pt#3,missing_data.pt#3,missing_data.pt#4
pt.code_mismatch.03	pt	code_mismatch	17	chapters/phylogenetic_trees.pt.qmd,chapters/r_projects.pt.qmd,chapters/reportfactory.pt.qmd,chapters/rmarkdown.pt.qmd,chapters/shiny_basics.pt.qmd,chapters/standardization.pt.qmd,chapters/tables_descriptive.pt.qmd,chapters/time_series.pt.qmd,chapters/writing_functions.pt.qmd	phylogenetic_trees.pt#1,r_projects.pt#1,reportfactory.pt#1,reportfactory.pt#2,rmarkdown.pt#6,rmarkdown.pt#9,rmarkdown.pt#10,rmarkdown.pt#11,shiny_basics.pt#6,shiny_basics.pt#7,shiny_basics.pt#8,standardization.pt#1,tables_descriptive.pt#7,time_series.pt#1,time_series.pt#2,writing_functions.pt#2,writing_functions.pt#3
pt.added.01	pt	added	12	chapters/basics.pt.qmd,chapters/characters_strings.pt.qmd,chapters/data_table.pt.qmd,chapters/data_used.pt.qmd,chapters/epicurves.pt.qmd,chapters/errors.pt.qmd,chapters/factors.pt.qmd	basics.pt#2,basics.pt#3,characters_strings.pt#6,data_table.pt#1,data_used.pt#3,data_used.pt#4,epicurves.pt#2,epicurves.pt#4,epicurves.pt#8,errors.pt#1,errors.pt#2,factors.pt#3
pt.added.02	pt	added	12	chapters/ggplot_basics.pt.qmd,chapters/help.pt.qmd,chapters/interactive_plots.pt.qmd,chapters/network_drives.pt.qmd,chapters/regression.pt.qmd,chapters/rmarkdown.pt.qmd,chapters/shiny_basics.pt.qmd,chapters/tables_descriptive.pt.qmd,chapters/tables_presentation.pt.qmd,chapters/transmission_chains.pt.qmd	ggplot_basics.pt#5,help.pt#4,interactive_plots.pt#3,network_drives.pt#3,regression.pt#8,rmarkdown.pt#5,rmarkdown.pt#12,shiny_basics.pt#9,tables_descriptive.pt#12,tables_presentation.pt#4,transmission_chains.pt#2,transmission_chains.pt#3
pt.alignment_mismatch.01	pt	alignment_mismatch	1	chapters/survival_analysis.pt.qmd	survival_analysis.pt#1
ru.untrue.01	ru	untrue	16	chapters/age_pyramid.ru.qmd,chapters/basics.ru.qmd,chapters/cleaning.ru.qmd,chapters/collaboration.ru.qmd,chapters/data_used.ru.qmd,chapters/dates.ru.qmd,chapters/deduplication.ru.qmd	age_pyramid.ru#1,age_pyramid.ru#2,basics.ru#2,basics.ru#3,basics.ru#6,cleaning.ru#1,cleaning.ru#2,collaboration.ru#1,collaboration.ru#2,collaboration.ru#3,collaboration.ru#4,collaboration.ru#5,data_used.ru#1,data_used.ru#6,dates.ru#1,deduplication.ru#1
ru.untrue.02	ru	untrue	16	chapters/diagrams.ru.qmd,chapters/factors.ru.qmd,chapters/flexdashboard.ru.qmd,chapters/ggplot_basics.ru.qmd,chapters/ggplot_tips.ru.qmd,chapters/grouping.ru.qmd,chapters/heatmaps.ru.qmd,chapters/help.ru.qmd	diagrams.ru#1,factors.ru#2,flexdashboard.ru#1,flexdashboard.ru#2,flexdashboard.ru#3,ggplot_basics.ru#1,ggplot_basics.ru#2,ggplot_basics.ru#3,ggplot_basics.ru#4,ggplot_basics.ru#6,ggplot_tips.ru#1,ggplot_tips.ru#4,grouping.ru#3,heatmaps.ru#1,heatmaps.ru#2,help.ru#1
ru.untrue.03	ru	untrue	16	chapters/importing.ru.qmd,chapters/iteration.ru.qmd,chapters/joining_matching.ru.qmd,chapters/missing_data.ru.qmd,chapters/moving_average.ru.qmd,chapters/phylogenetic_trees.ru.qmd,chapters/pivoting.ru.qmd,chapters/regression.ru.qmd,chapters/reportfactory.ru.qmd,chapters/rmarkdown.ru.qmd,chapters/shiny_basics.ru.qmd	importing.ru#4,iteration.ru#2,joining_matching.ru#1,missing_data.ru#3,moving_average.ru#3,phylogenetic_trees.ru#1,pivoting.ru#1,regression.ru#2,regression.ru#3,reportfactory.ru#1,reportfactory.ru#3,reportfactory.ru#4,rmarkdown.ru#1,rmarkdown.ru#2,rmarkdown.ru#4,shiny_basics.ru#1
ru.untrue.04	ru	untrue	14	chapters/shiny_basics.ru.qmd,chapters/standardization.ru.qmd,chapters/survival_analysis.ru.qmd,chapters/tables_descriptive.ru.qmd,chapters/time_series.ru.qmd,chapters/transition_to_r.ru.qmd,chapters/writing_functions.ru.qmd	shiny_basics.ru#2,standardization.ru#1,standardization.ru#4,survival_analysis.ru#1,survival_analysis.ru#2,tables_descriptive.ru#1,tables_descriptive.ru#9,time_series.ru#2,transition_to_r.ru#2,transition_to_r.ru#3,transition_to_r.ru#4,transition_to_r.ru#5,writing_functions.ru#2,writing_functions.ru#5
ru.missing.01	ru	missing	18	chapters/age_pyramid.ru.qmd,chapters/basics.ru.qmd,chapters/characters_strings.ru.qmd,chapters/cleaning.ru.qmd,chapters/combination_analysis.ru.qmd,chapters/contact_tracing.ru.qmd,chapters/data_used.ru.qmd,chapters/dates.ru.qmd,chapters/deduplication.ru.qmd,chapters/diagrams.ru.qmd	age_pyramid.ru#3,basics.ru#4,basics.ru#5,basics.ru#7,basics.ru#8,characters_strings.ru#1,characters_strings.ru#2,cleaning.ru#3,combination_analysis.ru#1,contact_tracing.ru#1,contact_tracing.ru#2,data_used.ru#2,data_used.ru#3,dates.ru#2,dates.ru#3,dates.ru#4,deduplication.ru#2,diagrams.ru#2
ru.missing.02	ru	missing	18	chapters/diagrams.ru.qmd,chapters/editorial_style.ru.qmd,chapters/epicurves.ru.qmd,chapters/factors.ru.qmd,chapters/flexdashboard.ru.qmd	diagrams.ru#4,diagrams.ru#5,editorial_style.ru#1,epicurves.ru#2,factors.ru#3,factors.ru#4,factors.ru#5,factors.ru#6,factors.ru#7,factors.ru#8,factors.ru#9,factors.ru#10,factors.ru#11,factors.ru#12,factors.ru#13,factors.ru#14,factors.ru#15,flexdashboard.ru#4
ru.missing.03	ru	missing	18	chapters/flexdashboard.ru.qmd,chapters/ggplot_basics.ru.qmd,chapters/grouping.ru.qmd,chapters/importing.ru.qmd,chapters/interactive_plots.ru.qmd,chapters/joining_matching.ru.qmd,chapters/missing_data.ru.qmd,chapters/moving_average.ru.qmd	flexdashboard.ru#5,flexdashboard.ru#6,ggplot_basics.ru#5,grouping.ru#2,grouping.ru#4,grouping.ru#5,grouping.ru#6,importing.ru#2,importing.ru#3,interactive_plots.ru#1,interactive_plots.ru#2,interactive_plots.ru#3,joining_matching.ru#2,missing_data.ru#1,missing_data.ru#2,missing_data.ru#4,moving_average.ru#1,moving_average.ru#2
ru.missing.04	ru	missing	18	chapters/packages_suggested.ru.qmd,chapters/pivoting.ru.qmd,chapters/reportfactory.ru.qmd,chapters/rmarkdown.ru.qmd,chapters/shiny_basics.ru.qmd,chapters/standardization.ru.qmd,chapters/survival_analysis.ru.qmd,chapters/tables_descriptive.ru.qmd	packages_suggested.ru#1,pivoting.ru#2,reportfactory.ru#2,reportfactory.ru#5,reportfactory.ru#6,reportfactory.ru#7,reportfactory.ru#8,rmarkdown.ru#3,rmarkdown.ru#5,shiny_basics.ru#3,shiny_basics.ru#4,shiny_basics.ru#5,standardization.ru#5,standardization.ru#6,standardization.ru#7,standardization.ru#8,survival_analysis.ru#3,tables_descriptive.ru#2
ru.missing.05	ru	missing	14	chapters/tables_descriptive.ru.qmd,chapters/tables_presentation.ru.qmd,chapters/transition_to_r.ru.qmd,chapters/transmission_chains.ru.qmd,chapters/writing_functions.ru.qmd	tables_descriptive.ru#3,tables_descriptive.ru#4,tables_descriptive.ru#5,tables_descriptive.ru#6,tables_descriptive.ru#7,tables_descriptive.ru#8,tables_descriptive.ru#10,tables_presentation.ru#2,transition_to_r.ru#1,transmission_chains.ru#1,transmission_chains.ru#2,transmission_chains.ru#3,writing_functions.ru#3,writing_functions.ru#4
ru.code_mismatch.01	ru	code_mismatch	17	chapters/basics.ru.qmd,chapters/diagrams.ru.qmd,chapters/ggplot_basics.ru.qmd,chapters/ggplot_tips.ru.qmd,chapters/importing.ru.qmd,chapters/iteration.ru.qmd,chapters/regression.ru.qmd,chapters/standardization.ru.qmd,chapters/tables_presentation.ru.qmd,chapters/time_series.ru.qmd,chapters/transmission_chains.ru.qmd,chapters/writing_functions.ru.qmd	basics.ru#1,diagrams.ru#3,ggplot_basics.ru#7,ggplot_tips.ru#2,ggplot_tips.ru#3,ggplot_tips.ru#5,ggplot_tips.ru#6,importing.ru#1,iteration.ru#1,iteration.ru#3,regression.ru#1,standardization.ru#2,tables_presentation.ru#3,tables_presentation.ru#4,time_series.ru#1,transmission_chains.ru#4,writing_functions.ru#1
ru.added.01	ru	added	10	chapters/data_used.ru.qmd,chapters/epicurves.ru.qmd,chapters/factors.ru.qmd,chapters/standardization.ru.qmd,chapters/survival_analysis.ru.qmd,chapters/tables_presentation.ru.qmd	data_used.ru#4,data_used.ru#5,data_used.ru#7,epicurves.ru#1,epicurves.ru#3,epicurves.ru#4,factors.ru#1,standardization.ru#3,survival_analysis.ru#4,tables_presentation.ru#1
ru.alignment_mismatch.01	ru	alignment_mismatch	1	chapters/grouping.ru.qmd	grouping.ru#1
tr.untrue.01	tr	untrue	18	chapters/age_pyramid.tr.qmd,chapters/basics.tr.qmd,chapters/characters_strings.tr.qmd	age_pyramid.tr#1,age_pyramid.tr#2,age_pyramid.tr#3,basics.tr#1,basics.tr#3,basics.tr#6,basics.tr#7,basics.tr#8,basics.tr#9,basics.tr#10,basics.tr#14,basics.tr#17,basics.tr#18,basics.tr#20,characters_strings.tr#1,characters_strings.tr#3,characters_strings.tr#6,characters_strings.tr#8
tr.untrue.02	tr	untrue	18	chapters/characters_strings.tr.qmd,chapters/cleaning.tr.qmd,chapters/collaboration.tr.qmd,chapters/combination_analysis.tr.qmd,chapters/contact_tracing.tr.qmd,chapters/data_used.tr.qmd,chapters/dates.tr.qmd,chapters/deduplication.tr.qmd	characters_strings.tr#9,cleaning.tr#1,cleaning.tr#2,cleaning.tr#6,cleaning.tr#12,cleaning.tr#13,collaboration.tr#1,collaboration.tr#6,collaboration.tr#7,combination_analysis.tr#1,combination_analysis.tr#2,contact_tracing.tr#1,data_used.tr#4,data_used.tr#7,data_used.tr#8,dates.tr#1,deduplication.tr#1,deduplication.tr#6
tr.untrue.03	tr	untrue	18	chapters/deduplication.tr.qmd,chapters/diagrams.tr.qmd,chapters/directories.tr.qmd,chapters/editorial_style.tr.qmd,chapters/epicurves.tr.qmd,chapters/errors.tr.qmd,chapters/factors.tr.qmd	deduplication.tr#7,diagrams.tr#2,diagrams.tr#3,diagrams.tr#4,diagrams.tr#7,directories.tr#2,editorial_style.tr#3,editorial_style.tr#4,editorial_style.tr#5,editorial_style.tr#6,editorial_style.tr#7,epicurves.tr#1,epicurves.tr#7,errors.tr#4,errors.tr#5,errors.tr#6,errors.tr#9,factors.tr#4
tr.untrue.04	tr	untrue	18	chapters/factors.tr.qmd,chapters/flexdashboard.tr.qmd,chapters/ggplot_basics.tr.qmd,chapters/ggplot_tips.tr.qmd,chapters/grouping.tr.qmd	factors.tr#8,flexdashboard.tr#1,flexdashboard.tr#4,flexdashboard.tr#5,ggplot_basics.tr#1,ggplot_basics.tr#2,ggplot_basics.tr#3,ggplot_basics.tr#5,ggplot_basics.tr#6,ggplot_basics.tr#7,ggplot_basics.tr#8,ggplot_basics.tr#9,ggplot_tips.tr#7,ggplot_tips.tr#8,ggplot_tips.tr#9,ggplot_tips.tr#10,grouping.tr#3,grouping.tr#4
tr.untrue.05	tr	untrue	18	chapters/heatmaps.tr.qmd,chapters/help.tr.qmd,chapters/interactive_plots.tr.qmd,chapters/iteration.tr.qmd,chapters/joining_matching.tr.qmd,chapters/missing_data.tr.qmd	heatmaps.tr#1,help.tr#1,help.tr#3,interactive_plots.tr#1,interactive_plots.tr#2,interactive_plots.tr#3,interactive_plots.tr#5,interactive_plots.tr#6,iteration.tr#1,iteration.tr#6,iteration.tr#7,joining_matching.tr#2,joining_matching.tr#3,missing_data.tr#4,missing_data.tr#6,missing_data.tr#9,missing_data.tr#10,missing_data.tr#11
tr.untrue.06	tr	untrue	18	chapters/missing_data.tr.qmd,chapters/moving_average.tr.qmd,chapters/network_drives.tr.qmd,chapters/phylogenetic_trees.tr.qmd,chapters/pivoting.tr.qmd,chapters/r_projects.tr.qmd,chapters/regression.tr.qmd,chapters/rmarkdown.tr.qmd	missing_data.tr#12,missing_data.tr#13,moving_average.tr#1,moving_average.tr#2,moving_average.tr#3,moving_average.tr#4,moving_average.tr#5,network_drives.tr#3,phylogenetic_trees.tr#3,pivoting.tr#1,pivoting.tr#2,r_projects.tr#1,regression.tr#1,regression.tr#5,regression.tr#7,regression.tr#10,regression.tr#11,rmarkdown.tr#1
tr.untrue.07	tr	untrue	18	chapters/rmarkdown.tr.qmd,chapters/shiny_basics.tr.qmd,chapters/standardization.tr.qmd,chapters/survey_analysis.tr.qmd	rmarkdown.tr#3,rmarkdown.tr#4,shiny_basics.tr#1,shiny_basics.tr#2,shiny_basics.tr#4,shiny_basics.tr#5,shiny_basics.tr#6,shiny_basics.tr#7,shiny_basics.tr#8,shiny_basics.tr#12,shiny_basics.tr#14,shiny_basics.tr#15,standardization.tr#2,standardization.tr#3,survey_analysis.tr#1,survey_analysis.tr#2,survey_analysis.tr#3,survey_analysis.tr#4
tr.untrue.08	tr	untrue	16	chapters/survey_analysis.tr.qmd,chapters/survival_analysis.tr.qmd,chapters/tables_descriptive.tr.qmd,chapters/tables_presentation.tr.qmd,chapters/transition_to_r.tr.qmd	survey_analysis.tr#5,survey_analysis.tr#6,survey_analysis.tr#7,survival_analysis.tr#2,survival_analysis.tr#3,tables_descriptive.tr#3,tables_descriptive.tr#6,tables_descriptive.tr#8,tables_descriptive.tr#9,tables_descriptive.tr#10,tables_descriptive.tr#11,tables_descriptive.tr#14,tables_presentation.tr#3,transition_to_r.tr#1,transition_to_r.tr#2,transition_to_r.tr#9
tr.missing.01	tr	missing	19	chapters/age_pyramid.tr.qmd,chapters/basics.tr.qmd,chapters/characters_strings.tr.qmd,chapters/cleaning.tr.qmd,chapters/collaboration.tr.qmd,chapters/combination_analysis.tr.qmd	age_pyramid.tr#4,age_pyramid.tr#5,basics.tr#2,basics.tr#4,basics.tr#11,basics.tr#12,basics.tr#15,characters_strings.tr#7,characters_strings.tr#10,cleaning.tr#4,cleaning.tr#8,cleaning.tr#10,cleaning.tr#11,collaboration.tr#2,collaboration.tr#3,collaboration.tr#4,collaboration.tr#5,collaboration.tr#8,combination_analysis.tr#4
tr.missing.02	tr	missing	19	chapters/combination_analysis.tr.qmd,chapters/data_table.tr.qmd,chapters/data_used.tr.qmd,chapters/deduplication.tr.qmd,chapters/directories.tr.qmd,chapters/editorial_style.tr.qmd	combination_analysis.tr#5,combination_analysis.tr#6,data_table.tr#1,data_used.tr#1,data_used.tr#2,data_used.tr#5,data_used.tr#6,deduplication.tr#2,deduplication.tr#3,deduplication.tr#5,directories.tr#3,directories.tr#4,directories.tr#5,directories.tr#6,directories.tr#7,directories.tr#8,directories.tr#9,directories.tr#10,editorial_style.tr#1
tr.missing.03	tr	missing	19	chapters/editorial_style.tr.qmd,chapters/epicurves.tr.qmd,chapters/errors.tr.qmd,chapters/factors.tr.qmd,chapters/flexdashboard.tr.qmd,chapters/ggplot_tips.tr.qmd,chapters/grouping.tr.qmd	editorial_style.tr#2,epicurves.tr#2,epicurves.tr#4,epicurves.tr#5,epicurves.tr#6,errors.tr#1,errors.tr#7,errors.tr#10,errors.tr#11,errors.tr#12,errors.tr#13,factors.tr#1,factors.tr#5,factors.tr#6,factors.tr#7,factors.tr#9,flexdashboard.tr#3,ggplot_tips.tr#1,grouping.tr#1
tr.missing.04	tr	missing	19	chapters/heatmaps.tr.qmd,chapters/help.tr.qmd,chapters/importing.tr.qmd,chapters/interactive_plots.tr.qmd,chapters/iteration.tr.qmd,chapters/missing_data.tr.qmd,chapters/network_drives.tr.qmd,chapters/phylogenetic_trees.tr.qmd	heatmaps.tr#2,heatmaps.tr#3,help.tr#2,help.tr#4,help.tr#5,help.tr#6,importing.tr#1,importing.tr#3,importing.tr#4,importing.tr#5,interactive_plots.tr#4,iteration.tr#2,missing_data.tr#3,missing_data.tr#5,missing_data.tr#8,network_drives.tr#1,network_drives.tr#2,phylogenetic_trees.tr#1,phylogenetic_trees.tr#2
tr.missing.05	tr	missing	19	chapters/pivoting.tr.qmd,chapters/regression.tr.qmd,chapters/rmarkdown.tr.qmd,chapters/shiny_basics.tr.qmd,chapters/stat_tests.tr.qmd,chapters/survey_analysis.tr.qmd,chapters/survival_analysis.tr.qmd,chapters/tables_descriptive.tr.qmd	pivoting.tr#6,pivoting.tr#7,regression.tr#8,regression.tr#9,rmarkdown.tr#2,shiny_basics.tr#10,shiny_basics.tr#11,shiny_basics.tr#13,shiny_basics.tr#17,stat_tests.tr#3,stat_tests.tr#4,stat_tests.tr#5,stat_tests.tr#6,survey_analysis.tr#8,survey_analysis.tr#9,survival_analysis.tr#4,survival_analysis.tr#5,tables_descriptive.tr#1,tables_descriptive.tr#2
tr.missing.06	tr	missing	17	chapters/tables_descriptive.tr.qmd,chapters/tables_presentation.tr.qmd,chapters/time_series.tr.qmd,chapters/transition_to_r.tr.qmd,chapters/transmission_chains.tr.qmd,chapters/writing_functions.tr.qmd	tables_descriptive.tr#7,tables_descriptive.tr#15,tables_presentation.tr#2,tables_presentation.tr#4,time_series.tr#4,time_series.tr#5,transition_to_r.tr#3,transition_to_r.tr#5,transition_to_r.tr#6,transition_to_r.tr#7,transition_to_r.tr#8,transmission_chains.tr#1,transmission_chains.tr#3,transmission_chains.tr#4,transmission_chains.tr#5,transmission_chains.tr#7,writing_functions.tr#4
tr.code_mismatch.01	tr	code_mismatch	17	chapters/basics.tr.qmd,chapters/characters_strings.tr.qmd,chapters/cleaning.tr.qmd,chapters/combination_analysis.tr.qmd,chapters/contact_tracing.tr.qmd,chapters/dates.tr.qmd,chapters/deduplication.tr.qmd	basics.tr#5,basics.tr#16,basics.tr#19,characters_strings.tr#2,characters_strings.tr#4,characters_strings.tr#5,characters_strings.tr#11,cleaning.tr#5,cleaning.tr#7,combination_analysis.tr#3,contact_tracing.tr#2,dates.tr#2,dates.tr#3,dates.tr#4,dates.tr#5,deduplication.tr#4,deduplication.tr#8
tr.code_mismatch.02	tr	code_mismatch	17	chapters/diagrams.tr.qmd,chapters/directories.tr.qmd,chapters/errors.tr.qmd,chapters/factors.tr.qmd,chapters/ggplot_basics.tr.qmd,chapters/ggplot_tips.tr.qmd,chapters/grouping.tr.qmd	diagrams.tr#1,diagrams.tr#5,directories.tr#1,errors.tr#2,errors.tr#3,errors.tr#8,factors.tr#2,factors.tr#3,ggplot_basics.tr#4,ggplot_basics.tr#10,ggplot_tips.tr#2,ggplot_tips.tr#3,ggplot_tips.tr#4,ggplot_tips.tr#5,ggplot_tips.tr#6,grouping.tr#2,grouping.tr#5
tr.code_mismatch.03	tr	code_mismatch	17	chapters/grouping.tr.qmd,chapters/importing.tr.qmd,chapters/iteration.tr.qmd,chapters/joining_matching.tr.qmd,chapters/missing_data.tr.qmd,chapters/pivoting.tr.qmd,chapters/regression.tr.qmd	grouping.tr#6,grouping.tr#7,importing.tr#2,iteration.tr#3,iteration.tr#4,iteration.tr#5,joining_matching.tr#1,missing_data.tr#1,missing_data.tr#2,missing_data.tr#7,pivoting.tr#3,pivoting.tr#4,pivoting.tr#5,regression.tr#2,regression.tr#3,regression.tr#4,regression.tr#6
tr.code_mismatch.04	tr	code_mismatch	14	chapters/shiny_basics.tr.qmd,chapters/standardization.tr.qmd,chapters/stat_tests.tr.qmd,chapters/survival_analysis.tr.qmd,chapters/tables_descriptive.tr.qmd,chapters/tables_presentation.tr.qmd,chapters/time_series.tr.qmd,chapters/transmission_chains.tr.qmd,chapters/writing_functions.tr.qmd	shiny_basics.tr#3,standardization.tr#1,stat_tests.tr#2,survival_analysis.tr#1,tables_descriptive.tr#4,tables_descriptive.tr#5,tables_descriptive.tr#12,tables_descriptive.tr#13,tables_presentation.tr#1,time_series.tr#1,transmission_chains.tr#6,writing_functions.tr#1,writing_functions.tr#2,writing_functions.tr#3
tr.added.01	tr	added	10	chapters/cleaning.tr.qmd,chapters/data_used.tr.qmd,chapters/diagrams.tr.qmd,chapters/epicurves.tr.qmd,chapters/flexdashboard.tr.qmd,chapters/interactive_plots.tr.qmd,chapters/shiny_basics.tr.qmd,chapters/time_series.tr.qmd,chapters/transition_to_r.tr.qmd	cleaning.tr#9,cleaning.tr#14,data_used.tr#3,diagrams.tr#6,epicurves.tr#3,flexdashboard.tr#2,interactive_plots.tr#7,shiny_basics.tr#9,time_series.tr#2,transition_to_r.tr#4
tr.alignment_mismatch.01	tr	alignment_mismatch	5	chapters/basics.tr.qmd,chapters/cleaning.tr.qmd,chapters/stat_tests.tr.qmd,chapters/time_series.tr.qmd,chapters/transmission_chains.tr.qmd	basics.tr#13,cleaning.tr#3,stat_tests.tr#1,time_series.tr#3,transmission_chains.tr#2
vn.untrue.01	vn	untrue	19	chapters/age_pyramid.vn.qmd,chapters/basics.vn.qmd,chapters/characters_strings.vn.qmd,chapters/cleaning.vn.qmd,chapters/combination_analysis.vn.qmd,chapters/contact_tracing.vn.qmd,chapters/data_table.vn.qmd,chapters/data_used.vn.qmd,chapters/dates.vn.qmd	age_pyramid.vn#1,basics.vn#1,basics.vn#2,basics.vn#3,basics.vn#4,basics.vn#5,basics.vn#8,characters_strings.vn#1,cleaning.vn#2,cleaning.vn#3,combination_analysis.vn#1,contact_tracing.vn#1,contact_tracing.vn#2,data_table.vn#1,data_table.vn#2,data_used.vn#6,dates.vn#1,dates.vn#5,dates.vn#6
vn.untrue.02	vn	untrue	19	chapters/dates.vn.qmd,chapters/deduplication.vn.qmd,chapters/diagrams.vn.qmd,chapters/directories.vn.qmd,chapters/editorial_style.vn.qmd,chapters/epicurves.vn.qmd,chapters/factors.vn.qmd,chapters/flexdashboard.vn.qmd,chapters/ggplot_basics.vn.qmd,chapters/grouping.vn.qmd,chapters/heatmaps.vn.qmd	dates.vn#7,deduplication.vn#1,diagrams.vn#1,diagrams.vn#2,diagrams.vn#4,directories.vn#3,editorial_style.vn#3,editorial_style.vn#4,epicurves.vn#1,epicurves.vn#3,epicurves.vn#5,factors.vn#2,flexdashboard.vn#1,ggplot_basics.vn#1,ggplot_basics.vn#2,ggplot_basics.vn#3,grouping.vn#1,grouping.vn#2,heatmaps.vn#1
vn.untrue.03	vn	untrue	19	chapters/heatmaps.vn.qmd,chapters/help.vn.qmd,chapters/importing.vn.qmd,chapters/interactive_plots.vn.qmd,chapters/iteration.vn.qmd,chapters/joining_matching.vn.qmd,chapters/missing_data.vn.qmd,chapters/network_drives.vn.qmd,chapters/packages_suggested.vn.qmd,chapters/phylogenetic_trees.vn.qmd	heatmaps.vn#3,help.vn#3,importing.vn#4,importing.vn#5,interactive_plots.vn#1,iteration.vn#1,iteration.vn#2,iteration.vn#3,joining_matching.vn#1,joining_matching.vn#2,joining_matching.vn#3,missing_data.vn#2,missing_data.vn#4,missing_data.vn#6,network_drives.vn#1,network_drives.vn#2,network_drives.vn#3,packages_suggested.vn#1,phylogenetic_trees.vn#1
vn.untrue.04	vn	untrue	19	chapters/pivoting.vn.qmd,chapters/regression.vn.qmd,chapters/reportfactory.vn.qmd,chapters/rmarkdown.vn.qmd,chapters/shiny_basics.vn.qmd,chapters/standardization.vn.qmd,chapters/stat_tests.vn.qmd	pivoting.vn#1,regression.vn#7,reportfactory.vn#1,reportfactory.vn#2,reportfactory.vn#3,rmarkdown.vn#1,rmarkdown.vn#2,rmarkdown.vn#3,rmarkdown.vn#5,shiny_basics.vn#1,shiny_basics.vn#2,shiny_basics.vn#3,shiny_basics.vn#4,shiny_basics.vn#5,standardization.vn#1,stat_tests.vn#2,stat_tests.vn#3,stat_tests.vn#4,stat_tests.vn#5
vn.untrue.05	vn	untrue	17	chapters/survey_analysis.vn.qmd,chapters/survival_analysis.vn.qmd,chapters/tables_descriptive.vn.qmd,chapters/tables_presentation.vn.qmd,chapters/transmission_chains.vn.qmd,chapters/writing_functions.vn.qmd	survey_analysis.vn#1,survival_analysis.vn#1,survival_analysis.vn#2,survival_analysis.vn#4,survival_analysis.vn#5,tables_descriptive.vn#2,tables_descriptive.vn#4,tables_descriptive.vn#5,tables_presentation.vn#1,tables_presentation.vn#2,tables_presentation.vn#4,transmission_chains.vn#2,transmission_chains.vn#3,writing_functions.vn#1,writing_functions.vn#3,writing_functions.vn#4,writing_functions.vn#5
vn.missing.01	vn	missing	17	chapters/basics.vn.qmd,chapters/characters_strings.vn.qmd,chapters/cleaning.vn.qmd,chapters/combination_analysis.vn.qmd,chapters/data_used.vn.qmd,chapters/directories.vn.qmd,chapters/editorial_style.vn.qmd,chapters/epicurves.vn.qmd	basics.vn#6,basics.vn#7,basics.vn#9,characters_strings.vn#2,characters_strings.vn#3,cleaning.vn#4,combination_analysis.vn#2,combination_analysis.vn#3,data_used.vn#1,data_used.vn#4,data_used.vn#5,directories.vn#1,directories.vn#2,editorial_style.vn#1,editorial_style.vn#2,epicurves.vn#2,epicurves.vn#6
vn.missing.02	vn	missing	17	chapters/epicurves.vn.qmd,chapters/errors.vn.qmd,chapters/factors.vn.qmd,chapters/ggplot_tips.vn.qmd,chapters/heatmaps.vn.qmd,chapters/help.vn.qmd,chapters/importing.vn.qmd,chapters/interactive_plots.vn.qmd,chapters/missing_data.vn.qmd	epicurves.vn#7,errors.vn#1,errors.vn#2,factors.vn#1,factors.vn#3,factors.vn#4,factors.vn#5,ggplot_tips.vn#1,ggplot_tips.vn#2,heatmaps.vn#2,help.vn#1,help.vn#2,importing.vn#1,importing.vn#3,interactive_plots.vn#2,missing_data.vn#1,missing_data.vn#5
vn.missing.03	vn	missing	17	chapters/moving_average.vn.qmd,chapters/network_drives.vn.qmd,chapters/pivoting.vn.qmd,chapters/r_projects.vn.qmd,chapters/regression.vn.qmd,chapters/stat_tests.vn.qmd,chapters/survey_analysis.vn.qmd,chapters/survival_analysis.vn.qmd,chapters/tables_descriptive.vn.qmd,chapters/transition_to_r.vn.qmd,chapters/writing_functions.vn.qmd	moving_average.vn#1,network_drives.vn#4,pivoting.vn#2,pivoting.vn#3,r_projects.vn#2,r_projects.vn#3,regression.vn#1,regression.vn#2,regression.vn#4,stat_tests.vn#6,survey_analysis.vn#2,survey_analysis.vn#3,survival_analysis.vn#3,survival_analysis.vn#6,tables_descriptive.vn#3,transition_to_r.vn#1,writing_functions.vn#2
vn.code_mismatch.01	vn	code_mismatch	12	chapters/cleaning.vn.qmd,chapters/dates.vn.qmd,chapters/importing.vn.qmd,chapters/missing_data.vn.qmd,chapters/regression.vn.qmd,chapters/rmarkdown.vn.qmd,chapters/standardization.vn.qmd,chapters/tables_presentation.vn.qmd,chapters/time_series.vn.qmd,chapters/transmission_chains.vn.qmd	cleaning.vn#1,dates.vn#2,importing.vn#2,missing_data.vn#3,regression.vn#5,regression.vn#6,rmarkdown.vn#4,standardization.vn#2,tables_presentation.vn#3,time_series.vn#1,time_series.vn#2,transmission_chains.vn#1
vn.added.01	vn	added	15	chapters/age_pyramid.vn.qmd,chapters/contact_tracing.vn.qmd,chapters/data_used.vn.qmd,chapters/dates.vn.qmd,chapters/epicurves.vn.qmd,chapters/help.vn.qmd,chapters/r_projects.vn.qmd,chapters/regression.vn.qmd,chapters/standardization.vn.qmd,chapters/stat_tests.vn.qmd,chapters/tables_descriptive.vn.qmd	age_pyramid.vn#2,contact_tracing.vn#3,contact_tracing.vn#4,data_used.vn#2,data_used.vn#3,dates.vn#3,dates.vn#4,epicurves.vn#4,epicurves.vn#8,help.vn#4,r_projects.vn#1,regression.vn#3,standardization.vn#3,stat_tests.vn#1,tables_descriptive.vn#1
odd-fr.untrue.01	fr	untrue	5	chapters/collaboration.fr.qmd	collaboration.fr#2,collaboration.fr#3,collaboration.fr#4,collaboration.fr#6,collaboration.fr#7
odd-fr.missing.01	fr	missing	6	chapters/collaboration.fr.qmd	collaboration.fr#8,collaboration.fr#9,collaboration.fr#10,collaboration.fr#12,collaboration.fr#13,collaboration.fr#14
odd-pt.untrue.01	pt	untrue	1	chapters/deduplication.pt.qmd	deduplication.pt#5
odd-pt.code_mismatch.01	pt	code_mismatch	3	chapters/deduplication.pt.qmd	deduplication.pt#1,deduplication.pt#2,deduplication.pt#3
odd-ru.untrue.01	ru	untrue	1	chapters/transmission_chains.ru.qmd	transmission_chains.ru#5
odd-tr.alignment_mismatch.01	tr	alignment_mismatch	1	chapters/shiny_basics.tr.qmd	shiny_basics.tr#16
odd-vn.untrue.01	vn	untrue	7	chapters/collaboration.vn.qmd,chapters/diagrams.vn.qmd	collaboration.vn#1,collaboration.vn#2,collaboration.vn#3,collaboration.vn#4,collaboration.vn#6,collaboration.vn#8,diagrams.vn#3
odd-vn.missing.01	vn	missing	1	chapters/collaboration.vn.qmd	collaboration.vn#7
odd-vn.added.01	vn	added	1	chapters/collaboration.vn.qmd	collaboration.vn#5
def-es.01	es	deferred	10	chapters/dates.es.qmd,chapters/epicurves.es.qmd,chapters/ggplot_tips.es.qmd,chapters/grouping.es.qmd,chapters/regression.es.qmd,chapters/standardization.es.qmd,chapters/stat_tests.es.qmd,chapters/survey_analysis.es.qmd,chapters/survival_analysis.es.qmd	dates.es#2,epicurves.es#4,ggplot_tips.es#3,grouping.es#1,regression.es#1,standardization.es#1,stat_tests.es#1,survey_analysis.es#1,survival_analysis.es#2,survival_analysis.es#3
def-fr.01	fr	deferred	19	chapters/diagrams.fr.qmd,chapters/directories.fr.qmd,chapters/flexdashboard.fr.qmd,chapters/grouping.fr.qmd,chapters/iteration.fr.qmd,chapters/packages_suggested.fr.qmd,chapters/phylogenetic_trees.fr.qmd,chapters/standardization.fr.qmd,chapters/survey_analysis.fr.qmd,chapters/transmission_chains.fr.qmd,chapters/writing_functions.fr.qmd	diagrams.fr#3,directories.fr#2,flexdashboard.fr#11,flexdashboard.fr#2,grouping.fr#1,grouping.fr#2,iteration.fr#10,iteration.fr#11,iteration.fr#8,packages_suggested.fr#1,packages_suggested.fr#2,phylogenetic_trees.fr#2,standardization.fr#2,survey_analysis.fr#1,transmission_chains.fr#3,transmission_chains.fr#5,transmission_chains.fr#6,transmission_chains.fr#7,writing_functions.fr#4
def-jp.01	jp	deferred	12	chapters/deduplication.jp.qmd,chapters/diagrams.jp.qmd,chapters/grouping.jp.qmd,chapters/heatmaps.jp.qmd,chapters/interactive_plots.jp.qmd,chapters/joining_matching.jp.qmd,chapters/moving_average.jp.qmd,chapters/survey_analysis.jp.qmd,chapters/tables_presentation.jp.qmd	deduplication.jp#2,diagrams.jp#2,diagrams.jp#3,grouping.jp#2,grouping.jp#4,heatmaps.jp#2,heatmaps.jp#3,interactive_plots.jp#5,joining_matching.jp#2,moving_average.jp#6,survey_analysis.jp#review,tables_presentation.jp#5
def-pt.01	pt	deferred	14	chapters/age_pyramid.pt.qmd,chapters/basics.pt.qmd,chapters/characters_strings.pt.qmd,chapters/cleaning.pt.qmd,chapters/combination_analysis.pt.qmd,chapters/deduplication.pt.qmd,chapters/epicurves.pt.qmd,chapters/heatmaps.pt.qmd	age_pyramid.pt#2,age_pyramid.pt#5,basics.pt#4,basics.pt#5,characters_strings.pt#1,characters_strings.pt#2,cleaning.pt#1,combination_analysis.pt#2,deduplication.pt#1,deduplication.pt#2,deduplication.pt#3,deduplication.pt#4,epicurves.pt#5,heatmaps.pt#12
def-pt.02	pt	deferred	13	chapters/heatmaps.pt.qmd,chapters/importing.pt.qmd,chapters/shiny_basics.pt.qmd,chapters/standardization.pt.qmd	heatmaps.pt#13,heatmaps.pt#3,heatmaps.pt#4,heatmaps.pt#5,heatmaps.pt#6,heatmaps.pt#7,heatmaps.pt#8,heatmaps.pt#9,importing.pt#review,shiny_basics.pt#6,shiny_basics.pt#7,shiny_basics.pt#8,standardization.pt#review
def-ru.01	ru	deferred	2	chapters/editorial_style.ru.qmd,chapters/standardization.ru.qmd	editorial_style.ru#1,standardization.ru#4
def-tr.01	tr	deferred	5	chapters/combination_analysis.tr.qmd,chapters/dates.tr.qmd,chapters/deduplication.tr.qmd,chapters/ggplot_basics.tr.qmd,chapters/transmission_chains.tr.qmd	combination_analysis.tr#3,dates.tr#3,deduplication.tr#8,ggplot_basics.tr#10,transmission_chains.tr#6
def-vn.01	vn	deferred	6	chapters/cleaning.vn.qmd,chapters/contact_tracing.vn.qmd,chapters/dates.vn.qmd,chapters/epicurves.vn.qmd	cleaning.vn#1,contact_tracing.vn#3,dates.vn#3,dates.vn#6,epicurves.vn#review,epicurves.vn#review2
